{
  "inheritsFrom": "1.8.9",
  "id": "ShinyClient",
  "time": "2025-09-24T14:55:00-03:00",
  "releaseTime": "2025-09-24T14:55:00-03:00",
  "type": "release",
  "minecraftArguments": "--username ${auth_player_name} --version ${version_name} --gameDir ${game_directory} --assetsDir ${assets_root} --assetIndex ${assets_index_name} --uuid ${auth_uuid} --accessToken ${auth_access_token} --userProperties ${user_properties} --userType ${user_type} --tweakClass optifine.OptiFineForgeTweaker --tweakClass me.miki.shindo.injection.mixin.ShindoTweaker",
  "libraries": [
    {
      "name": "net.Shiny:Shiny:0.0.1",
      "url": "https://github.com/ShinyClient-Beta/Data/raw/refs/heads/main/"
    },
    {
      "name": "net.Shiny:Optifine:Release",
      "url": "https://github.com/ShinyClient-Beta/Data/raw/refs/heads/main/"
    },
    {
      "name": "net.minecraft:launchwrapper:1.12"
    },
    {
      "name": "org.ow2.asm:asm-all:5.0.3"
    }
  ],
  "mainClass": "net.minecraft.launchwrapper.Launch",
  "minimumLauncherVersion": 14,
  "assets": "1.8",
  "jar": "1.8.9",
  "downloads": {}
}